,0,1,2,3,4,5,6,7,8,9,10,11,12,13,14,seq
0,0,0,0,0,0,0,0,0,0,0,0,0,0,0,0,CTTCTGAAAGGGTTGCTTGACCCACAGATGTGAAGCTGAGGCTGAAGGAGACTGATGTGGTTTCTCCTCAGTTTCTCTGTGCAGCACCAGGTGGCAGCAGAGGTCAGCAAGGCAAACCCGAGCCCGGGGATGCGGAGTGGGGGCAGCTACGTCCTCTCTTGAGCTACAGCAGATTCACTCTGTTCTGTTTCATTGTTGTT
1,0,0,0,0,0,0,0,0,0,0,0,0,0,0,0,TGTGAAGCTGAGGCTGAAGGAGACTGATGTGGTTTCTCCTCAGTTTCTCTGTGCGGCACCAGGTGGCAGCAGAGGTCAGCAAGGCAAACCCGAGCCCGGGGATGCGGGGTGGGGGCAGCTACGTCCTCTCTTGAGCTACAGCAGATTCACTCTGTTCTGTTTCATTGTTGCTTAGTTTGCGTTTTGTTTCTCCAACTTTG
2,0,0,0,0,0,0,0,0,0,0,0,0,0,0,0,ACTGGGGCCTGAGCTGCGTGGTGGGGAGAGAGTCTCTCCCCTGCCCCTGTCTCTTCCGTGCAGGAGGAGCATGTTTAAGGGGAAGGGTTCAAAGCTGGTCACATCCCCACCAAAAAAGCCCATGGACAACGAAAAGCCCACTAGCTTGTCCAGTGCCACAGGAGGGGCAAGTGGAGGAGGAGAGGTGGCGGTGCTCCCCA
3,0,0,0,0,0,0,0,0,0,0,0,0,0,0,0,ACAACCCTAACCCTAACCCTAACAACCCTAACCCTAACCCTAACCCTAACCCTAACCCTAACCCTAAACCCTAAACCCTAACCCTAACCCTAACCCTAACCCTAACCCCTAACCCCTAACCCTAACCCTAACCCTAACCCTAACCCTAACCCTCGCGGTACCCTCAGCCGGCCCGCCCGCCCGGGTCTGACCTGAGGAGA
4,0,0,0,0,0,0,0,0,0,0,0,0,0,0,0,CGCAGAGAGGCGCGCCGCGCCGGCGCAGGCGCAGAGACACATGCTAGCGCGTCCAGGGGAGGAGGCGTGGCACAGGCGCAGAGACACATGCTAGCGCGCCCAGGGGAGGAGGCGTGGCGCAGGCGCAGAGAGGCGCGCCGTGCTGCCGCAGGCGCAGAGACACATGCTAGCGCGTCCAGGGGGTGGAGGCGTGGCGCAGG
5,0,0,0,0,0,0,0,0,1.0,0,0,0,0,0,0,AACAATATACTCTCCGGACAATGAACCATAACCAATACCACCAATCAATACTCATCATTAATAATCATAATGGCTATAGCAATAAAACTAGGAATAGCCCCCTTTCACTTCTGAGTCCCAGAGGTTACCCAAGGCACCCCTCTGACATCCGGCCTGCTCCTTCTCACATGACAAAAACTAGCCCCCATCTCAATCATATA
6,0,0,0,0,0,0,0,0,0,0,0,0,0,0,0,TCCTCCAGTAGGTTAGAGCTTCTTACAGTGGTTTCAGGCAGCATCTGAAGACAGTAAAAGCAGAAGCTCCAAGGCTTCTTACATTCTAGCCTGGAAAATTACATCACATTGCTTCCTTCATATTTTTTTGGCAAATCAGGTTGCAAGGCTTGCCCAGATTAGGGTAAAGAGGCAAAGAGGCTCCTTTTCTTTTCTTTTCT
7,0,0,0,0,0,0,0,0,0,0,0,0,0,0,0,CGCTTCAGCGGCACAGGCGCCTCCACGCGGAACCCCACGCGGCGCTCAGCACGGACGAGGAGGGAGCCGCGCACGCGCGGTCGGCTCGGCGAGGAGCCGGTCTCCAAGTGCCGCCAGCTGCGGGATTTCCTCTGCAAAAGACAAACCACAGGGAGAGCTGCCGGGGCTGGGTGGGGGAGCGTGACTGTGAACGGAGTTCT
8,0,0,0,0,0,0,0,0,0,0,0,0,0,0,0,CCCTAACCCTAACCCTAACCCTAACCCTAACCCCTAACCCTAACCCTAACCCTAACCCTAACCTAACCCTAACCCTAACCCTAACCCTAACCCTAACCCTAACCCTAACCCTAACCCCTAACCCTAACCCTAAACCCTAAACCCTAACCCTAACCCTAACCCTAACCCTAACCCCAACCCCAACCCCAACCCCAACCCCA
9,0,0,0,0,0,0,0,0,0,0,0,0,0,0,0,TGATTTTTTTTCTATTTAAGAGCTTCCTCTCCAGTTGAGCATGTAAGAAAATTATACCAGGAGAATACAGTAAACTCTATGAGGCAAGCTATAAACATGTAGCATTGTGATTAGGGCTGGTTCTCCTTCTAGAGATATGGTAGGATTGCAATTTCATACCATCCTTGAAGTTAGAGAGAGCCATGTGACTCATTTAGCCA
